"Subject","Time","Truth","Sigma_t","Conc_Obs"
"SIM_001",0,8.2878599883877,0.773363985502884,7.1909937574215
"SIM_001",0.5,9.32452890666021,1.04288786333459,9.19738834758141
"SIM_001",1,9.61183236754224,1.2,8.71244071246005
"SIM_001",3,5.97070480764097,0.960483280083011,4.90067227915734
"SIM_001",6,2.61242686264545,1.06742346141748,2.43443261563424
"SIM_001",9,2.22864376293602,1.15,1.97211762126426
"SIM_001",12,2.19599664128078,1.21961524227066,2.81140644267658
"SIM_001",15,2.19329148195145,1.28094750193111,3.30785227806512
"SIM_002",0,6.25840394395039,0.773363985502884,5.87592715689424
"SIM_002",0.75,8.2308443666734,1.14734002682825,9.49968464489508
"SIM_002",3,3.90214986279505,0.960483280083011,2.38274706941497
"SIM_002",8,1.49295924973754,1.12426406871193,2.17464668490385
"SIM_002",14,1.47994749768794,1.26124860801609,2.04246951645329
"SIM_003",0,7.66054623466786,0.773363985502884,7.64491853392971
"SIM_003",0.5,9.31129779505392,1.04288786333459,10.069558458453
"SIM_003",1,10.0720910506276,1.2,11.6946386309459
"SIM_003",3,5.56302053085343,0.960483280083011,6.12720388108675
"SIM_003",6,2.30791175916577,1.06742346141748,2.49920598584012
"SIM_003",9,2.09257668784388,1.15,2.86821371311629
"SIM_003",12,2.08149978451615,1.21961524227066,0.691216453115879
"SIM_003",15,2.0809376750501,1.28094750193111,4.16727664707358
"SIM_004",0,9.79345858092412,0.773363985502884,11.050105659148
"SIM_004",0.75,11.5111715731348,1.14734002682825,11.2547481478268
"SIM_004",3,6.19025479243824,0.960483280083011,7.47778686584911
"SIM_004",8,3.55858805866136,1.12426406871193,5.11592844826232
"SIM_004",14,3.54144157956052,1.26124860801609,5.11576887520362
"SIM_005",0,7.29159641515388,0.773363985502884,8.65403400419896
"SIM_005",0.75,8.5941663510284,1.14734002682825,8.70239751046685
"SIM_005",3,5.46079221983136,0.960483280083011,4.40390559680209
"SIM_005",8,1.95092095264779,1.12426406871193,3.63588653482395
"SIM_005",14,1.87347697005286,1.26124860801609,1.35161851474862
"SIM_006",0,7.79810605385218,0.773363985502884,8.23264805221829
"SIM_006",0.75,9.08984260182316,1.14734002682825,9.15667379429254
"SIM_006",3,4.90760251405487,0.960483280083011,3.54979866747836
"SIM_006",8,1.9499552122757,1.12426406871193,0.948364252942588
"SIM_006",14,1.91199949134098,1.26124860801609,1.25933974059863
"SIM_007",0,8.3676305873531,0.773363985502884,8.4282238982429
"SIM_007",0.75,10.0431004825917,1.14734002682825,9.7369593551554
"SIM_007",3,4.29904497187247,0.960483280083011,3.95894327203738
"SIM_007",8,2.49447201984206,1.12426406871193,2.65506671457528
"SIM_007",14,2.48877604993684,1.26124860801609,0.01
"SIM_008",0,6.73483678351876,0.773363985502884,6.94305278971035
"SIM_008",0.33,7.72375134848539,0.959729054718272,7.10777952191614
"SIM_008",0.75,8.47529867582292,1.14734002682825,8.99382956084493
"SIM_008",1.5,7.92731250599435,1.12053357686534,7.81948314646341
"SIM_008",4,2.5684244158052,1.00000027340213,2.29648663224806
"SIM_008",8,1.48692600962327,1.12426406871193,1.45565738743078
"SIM_008",12,1.46726371569524,1.21961524227066,0.598125995394318
"SIM_008",16,1.46693420184108,1.3,1.41689170520761
"SIM_009",0,8.73404707071237,0.773363985502884,7.53581224844109
"SIM_009",0.33,9.69122349729674,0.959729054718272,9.27763755077022
"SIM_009",0.75,10.374061648887,1.14734002682825,10.6140417075813
"SIM_009",1.5,9.76889664169838,1.12053357686534,7.283165865582
"SIM_009",4,4.24036826901458,1.00000027340213,2.78570079989467
"SIM_009",8,2.98588850813298,1.12426406871193,0.0568455139037423
"SIM_009",12,2.95847853085011,1.21961524227066,2.28104806258096
"SIM_009",16,2.95793130759698,1.3,2.4003917385867
"SIM_010",0,9.5107948359897,0.773363985502884,9.8380806544768
"SIM_010",0.75,10.9858344019755,1.14734002682825,10.8860499965911
"SIM_010",3,6.20010224884564,0.960483280083011,6.0832434237216
"SIM_010",8,3.14997303450398,1.12426406871193,2.79307232731277
"SIM_010",14,3.11740119183298,1.26124860801609,0.460088122847927
"SIM_011",0,6.80302191891331,0.773363985502884,7.26242710126252
"SIM_011",0.75,9.14437891280458,1.14734002682825,8.89308037246719
"SIM_011",3,5.11401108540888,0.960483280083011,3.92096124297629
"SIM_011",8,1.68903708181704,1.12426406871193,1.20595306696081
"SIM_011",14,1.66129844897417,1.26124860801609,1.84363604143405
"SIM_012",0,9.0130341175297,0.773363985502884,8.46744821872995
"SIM_012",0.33,9.86517759539419,0.959729054718272,9.72171114066546
"SIM_012",0.75,10.0813650406145,1.14734002682825,9.89802658730417
"SIM_012",1.5,8.59124574655192,1.12053357686534,8.8521756156721
"SIM_012",4,2.77282486760854,1.00000027340213,3.21619385014149
"SIM_012",8,1.8641556605008,1.12426406871193,2.49530637668734
"SIM_012",12,1.84912021741989,1.21961524227066,0.0962587579518084
"SIM_012",16,1.84888531209492,1.3,3.15764857555761
"SIM_013",0,7.23849064565504,0.773363985502884,7.4978396964836
"SIM_013",0.75,8.3593197744551,1.14734002682825,8.00204681895446
"SIM_013",3,5.81410796290042,0.960483280083011,7.15953295272644
"SIM_013",8,2.44242572176377,1.12426406871193,3.81394211836573
"SIM_013",14,2.34753241460216,1.26124860801609,2.99581384379108
"SIM_014",0,7.72081536264911,0.773363985502884,9.06725471193466
"SIM_014",0.5,8.79334377307222,1.04288786333459,8.63789750602742
"SIM_014",1,9.19149118970427,1.2,9.42607000719237
"SIM_014",3,5.87945218728632,0.960483280083011,6.84859630162853
"SIM_014",6,2.80777148846685,1.06742346141748,3.13652617952906
"SIM_014",9,2.48782545178432,1.15,1.88706047189892
"SIM_014",12,2.46307380036546,1.21961524227066,2.68218466094658
"SIM_014",15,2.46120465413625,1.28094750193111,0.519211598218472
"SIM_015",0,9.68573515878212,0.773363985502884,10.1028128166927
"SIM_015",0.33,10.8313627307229,0.959729054718272,11.1690231053062
"SIM_015",0.75,11.1700710388753,1.14734002682825,9.75746360968029
"SIM_015",1.5,9.26895697609624,1.12053357686534,8.24949501581147
"SIM_015",4,3.16852022007032,1.00000027340213,3.55996190406648
"SIM_015",8,2.55598095528872,1.12426406871193,3.37001080095352
"SIM_015",12,2.55040460884839,1.21961524227066,4.25170263338919
"SIM_015",16,2.55035565576603,1.3,3.57111316898444
"SIM_016",0,8.15388597673637,0.773363985502884,7.63042500498011
"SIM_016",0.5,9.02105267489139,1.04288786333459,8.01246530035879
"SIM_016",1,8.8949009263604,1.2,9.02358106973834
"SIM_016",3,4.38744614039382,0.960483280083011,4.85288415506615
"SIM_016",6,1.95308643533224,1.06742346141748,0.702059280316387
"SIM_016",9,1.77443239888244,1.15,3.01780652541051
"SIM_016",12,1.76366219961583,1.21961524227066,0.01
"SIM_016",15,1.7630208499242,1.28094750193111,2.1712859156459
"SIM_017",0,8.21291596463224,0.773363985502884,8.4066248141229
"SIM_017",0.75,9.65017233349923,1.14734002682825,9.42932466186191
"SIM_017",3,3.99641744968572,0.960483280083011,3.73164032168733
"SIM_017",8,1.53324976160916,1.12426406871193,2.04503287656681
"SIM_017",14,1.51780008031275,1.26124860801609,6.19635904566963
"SIM_018",0,7.24684871197447,0.773363985502884,7.48598723516248
"SIM_018",0.5,8.37439461645883,1.04288786333459,7.8303633681855
"SIM_018",1,9.06098995151538,1.2,9.02061813867977
"SIM_018",3,6.68668853394113,0.960483280083011,5.91720894850393
"SIM_018",6,2.93041187219495,1.06742346141748,4.91615958931779
"SIM_018",9,2.37895570056009,1.15,4.60769607951686
"SIM_018",12,2.32475390583625,1.21961524227066,1.71949976518218
"SIM_018",15,2.31964365067957,1.28094750193111,2.68036245304505
"SIM_019",0,9.40458761845352,0.773363985502884,8.83302548697499
"SIM_019",0.5,10.4137733628668,1.04288786333459,8.55960571008458
"SIM_019",1,10.2364625123619,1.2,12.3526376330827
"SIM_019",3,5.09558476991982,0.960483280083011,3.32049292074062
"SIM_019",6,2.69101175595902,1.06742346141748,0.969857108145214
"SIM_019",9,2.54321394712818,1.15,2.62335139834259
"SIM_019",12,2.53559043383932,1.21961524227066,1.96551587636648
"SIM_019",15,2.53520087025791,1.28094750193111,0.01
"SIM_020",0,6.50446879010563,0.773363985502884,6.62915792371373
"SIM_020",0.75,8.0119514955911,1.14734002682825,7.42435705026417
"SIM_020",3,4.41521216360448,0.960483280083011,3.68016241516801
"SIM_020",8,1.38966904255024,1.12426406871193,1.81221469550676
"SIM_020",14,1.35054215235896,1.26124860801609,1.50021617147387
"SIM_021",0,8.68166374600044,0.773363985502884,9.19055400823311
"SIM_021",0.75,10.3726517102035,1.14734002682825,11.7358928811662
"SIM_021",3,6.78911641083778,0.960483280083011,6.06409577292982
"SIM_021",8,3.01688037445686,1.12426406871193,0.01
"SIM_021",14,2.95312359367753,1.26124860801609,3.35117577029977
"SIM_022",0,5.99532797095114,0.773363985502884,5.7059743653244
"SIM_022",0.33,7.05018362704057,0.959729054718272,6.38414922720007
"SIM_022",0.75,8.15640321273565,1.14734002682825,9.27957680297316
"SIM_022",1.5,8.58757356398207,1.12053357686534,9.62063097987267
"SIM_022",4,3.09939868502547,1.00000027340213,1.55128981895152
"SIM_022",8,0.962200973039102,1.12426406871193,1.93822055086782
"SIM_022",12,0.894616515522509,1.21961524227066,1.00151491659616
"SIM_022",16,0.892786203443928,1.3,0.01
"SIM_023",0,7.65236852638523,0.773363985502884,7.86387989351351
"SIM_023",0.33,8.53459111339539,0.959729054718272,9.66240062454589
"SIM_023",0.75,9.36346726218583,1.14734002682825,8.84372193348733
"SIM_023",1.5,9.45773888341616,1.12053357686534,8.51841142972236
"SIM_023",4,4.51633691088382,1.00000027340213,3.35092533267466
"SIM_023",8,2.50361377565731,1.12426406871193,2.79219357586051
"SIM_023",12,2.42681111065085,1.21961524227066,2.99155605059979
"SIM_023",16,2.4243101415466,1.3,4.73984187629599
"SIM_024",0,6.92987039147499,0.773363985502884,7.36091744470927
"SIM_024",0.33,7.92862112103071,0.959729054718272,7.4064550698038
"SIM_024",0.75,8.93756331518582,1.14734002682825,9.36219388195079
"SIM_024",1.5,9.20975038895542,1.12053357686534,11.4086811314541
"SIM_024",4,3.92762988973528,1.00000027340213,3.48859324227025
"SIM_024",8,1.99212830456165,1.12426406871193,2.49410845476398
"SIM_024",12,1.93253041886497,1.21961524227066,0.01
"SIM_024",16,1.93094534181669,1.3,1.97375800522166
"SIM_025",0,8.71376400897215,0.773363985502884,8.68736781879369
"SIM_025",0.75,10.7815005125478,1.14734002682825,11.1261608309825
"SIM_025",3,5.210597259547,0.960483280083011,5.19580481438652
"SIM_025",8,2.336411387224,1.12426406871193,2.1806549820581
"SIM_025",14,2.31885312407902,1.26124860801609,3.0723047439359
"SIM_026",0,6.74101621422881,0.773363985502884,6.11636469406432
"SIM_026",0.5,7.98059641346134,1.04288786333459,7.98689158305091
"SIM_026",1,8.6616503393858,1.2,9.547379267372
"SIM_026",3,5.64111112894554,0.960483280083011,4.95099538819392
"SIM_026",6,2.36334506782121,1.06742346141748,2.93308916875758
"SIM_026",9,2.03434512425706,1.15,2.47495135986517
"SIM_026",12,2.01053697051785,1.21961524227066,2.38149276482809
"SIM_026",15,2.00885665144,1.28094750193111,1.01277756389044
"SIM_027",0,6.96943410660769,0.773363985502884,7.19533864679304
"SIM_027",0.5,8.80267591373026,1.04288786333459,7.98002056408011
"SIM_027",1,9.90148167011876,1.2,11.0082866160937
"SIM_027",3,5.5509697010765,0.960483280083011,4.46117744708911
"SIM_027",6,2.1297081220934,1.06742346141748,3.21810710474734
"SIM_027",9,1.92320120526278,1.15,0.01
"SIM_027",12,1.91363532786982,1.21961524227066,0.849549959559658
"SIM_027",15,1.91319790629127,1.28094750193111,0.01
"SIM_028",0,8.16423964681444,0.773363985502884,8.52127746447702
"SIM_028",0.33,8.99307913130632,0.959729054718272,8.74927075499619
"SIM_028",0.75,9.75190622504607,1.14734002682825,8.26945694570225
"SIM_028",1.5,9.82319606578977,1.12053357686534,10.6344206051176
"SIM_028",4,4.99895619323613,1.00000027340213,5.44051091350432
"SIM_028",8,2.70916979346625,1.12426406871193,2.1897874511145
"SIM_028",12,2.60021149965962,1.21961524227066,1.78701138750442
"SIM_028",16,2.59587756083213,1.3,1.73310395299726
"SIM_029",0,10.3478691938885,0.773363985502884,10.9512950198135
"SIM_029",0.75,11.6564496873253,1.14734002682825,10.6262236313876
"SIM_029",3,7.647721002233,0.960483280083011,8.35277653075709
"SIM_029",8,4.69039319560686,1.12426406871193,4.68871920878816
"SIM_029",14,4.65136589880982,1.26124860801609,4.32661927616009
"SIM_030",0,7.56164476970871,0.773363985502884,7.61931439155399
"SIM_030",0.5,8.74438312963496,1.04288786333459,7.61548667701318
"SIM_030",1,9.26093257911208,1.2,11.1600763482986
"SIM_030",3,5.8977672228619,0.960483280083011,4.12528671846878
"SIM_030",6,2.50288613053945,1.06742346141748,2.88297283784594
"SIM_030",9,2.13611291038505,1.15,4.03551154917228
"SIM_030",12,2.10717058063273,1.21961524227066,1.74407745321703
"SIM_030",15,2.10494549594306,1.28094750193111,0.01
